c183889_g1_i1,XP_011128910.1,76.217,719,166,3,60,2201,6,724,0.0,1014,87.48,3,0
c183889_g1_i1,PFH32207.1,73.287,715,184,3,57,2201,6,713,0.0,965,84.76,3,0
c183889_g1_i1,XP_018642449.1,69.595,740,196,6,48,2201,1,733,0.0,961,83.11,3,0
c183889_g1_i1,ETW50276.1,69.796,735,196,6,48,2201,1,726,0.0,958,83.67,3,0
c183889_g1_i1,XP_022811909.1,71.310,725,190,5,57,2201,5,721,0.0,957,84.55,3,0
c183889_g1_i1,CRG98415.1,69.619,734,197,4,57,2201,5,731,0.0,957,83.51,3,0
c183889_g1_i1,XP_741381.2,70.621,725,195,5,57,2201,5,721,0.0,956,84.28,3,0
c183889_g1_i1,EUD73992.1,70.097,719,204,4,57,2201,5,716,0.0,955,84.98,3,0
c183889_g1_i1,XP_008623748.1,70.556,720,199,5,57,2201,5,716,0.0,955,84.58,3,0
c183889_g1_i1,SBT30398.1,69.742,737,194,6,57,2201,5,734,0.0,954,83.45,3,0
c183889_g1_i1,XP_674763.2,70.856,724,194,5,57,2201,5,720,0.0,949,84.39,3,0
c183889_g1_i1,O44001.1,72.448,715,190,3,57,2201,6,713,0.0,949,85.31,3,0
c183889_g1_i1,XP_023973705.1,71.766,719,200,2,45,2201,2,717,0.0,946,84.70,3,0
c183889_g1_i1,XP_013438488.1,72.867,715,187,3,57,2201,6,713,0.0,946,85.31,3,0
c183889_g1_i1,XP_013232120.1,72.727,715,188,3,57,2201,6,713,0.0,944,85.31,3,0
c183889_g1_i1,AAM02974.1,70.793,719,201,4,48,2201,1,711,0.0,933,83.73,3,0
c183889_g1_i1,XP_022589115.1,72.486,716,189,4,57,2201,6,714,0.0,931,84.78,3,0
c183889_g1_i1,XP_001611554.1,68.377,721,214,7,45,2201,4,712,0.0,917,82.80,3,0
c183889_g1_i1,XP_012769365.1,67.956,724,218,8,48,2201,1,716,0.0,915,82.73,3,0
c183889_g1_i1,AAA30132.1,67.458,716,224,3,60,2201,13,721,0.0,912,82.26,3,0
c183889_g1_i1,AMY16419.1,67.927,714,219,3,60,2201,13,716,0.0,912,82.35,3,0
c183889_g1_i1,XP_764810.1,67.458,716,224,3,60,2201,13,721,0.0,912,82.26,3,0
c183889_g1_i1,GBE59227.1,67.724,725,219,9,48,2201,1,717,0.0,910,82.62,3,0
c183889_g1_i1,ACV04849.1,67.172,725,223,8,48,2201,1,717,0.0,907,82.48,3,0
c183889_g1_i1,XP_952473.1,67.503,717,223,3,60,2201,13,722,0.0,907,82.57,3,0
c183889_g1_i1,ORM40101.1,67.631,726,218,9,48,2201,1,717,0.0,906,82.64,3,0
c183889_g1_i1,AAY67878.1,70.070,715,203,6,57,2201,7,710,0.0,906,83.92,3,0
c183889_g1_i1,BAU24786.1,66.851,724,230,6,30,2201,3,716,0.0,905,81.91,3,0
c183889_g1_i1,XP_004828773.1,67.822,721,221,5,42,2201,6,716,0.0,899,82.25,3,0
c183889_g1_i1,CDW72432.1,69.068,708,201,5,57,2180,5,694,0.0,894,84.32,3,0
c183889_g1_i1,OAE27124.1,64.910,721,240,6,57,2201,11,724,0.0,866,78.92,3,0
c183889_g1_i1,XP_013409049.1,65.694,720,236,4,51,2201,17,728,0.0,865,80.56,3,0
c183889_g1_i1,ALD16260.1,65.369,719,239,4,57,2201,8,720,0.0,854,80.11,3,0
c183889_g1_i1,XP_002613212.1,64.854,717,241,4,57,2201,18,725,0.0,854,80.89,3,0
c183889_g1_i1,XP_003704636.1,64.022,731,246,4,24,2201,4,722,0.0,853,78.25,3,0
c183889_g1_i1,XP_018325772.1,64.966,725,238,6,45,2201,6,720,0.0,851,79.59,3,0
c183889_g1_i1,XP_023720867.1,65.278,720,238,5,57,2201,15,727,0.0,850,79.44,3,0
c183889_g1_i1,XP_015434526.1,64.722,720,237,6,57,2201,9,716,0.0,850,79.44,3,0
c183889_g1_i1,XP_011691196.1,64.432,731,243,5,24,2201,4,722,0.0,849,78.39,3,0
c183889_g1_i1,XP_021934936.1,64.861,720,240,5,57,2201,15,726,0.0,849,79.86,3,0
c183889_g1_i1,XP_015434525.1,64.722,720,237,6,57,2201,15,722,0.0,849,79.44,3,0
c183889_g1_i1,XP_011154034.1,64.569,731,243,5,24,2201,4,723,0.0,848,78.93,3,0
c183889_g1_i1,XP_012230927.1,64.432,731,244,5,24,2201,4,723,0.0,848,78.66,3,0
c183889_g1_i1,XP_011250812.1,65.253,731,237,6,24,2201,4,722,0.0,848,78.80,3,0
c183889_g1_i1,AIY24626.1,64.722,720,239,5,57,2201,14,723,0.0,847,79.86,3,0
c183889_g1_i1,AFP54306.1,65.139,720,239,4,57,2201,15,727,0.0,845,79.31,3,0
c183889_g1_i1,XP_018325773.1,64.771,721,237,6,57,2201,9,718,0.0,844,78.64,3,0
c183889_g1_i1,AVO65120.1,64.039,723,239,5,57,2201,16,725,0.0,843,79.53,3,0
c183889_g1_i1,XP_011879750.1,65.000,720,236,5,57,2201,14,722,0.0,842,79.17,3,0
c183889_g1_i1,AFC76152.1,64.812,719,238,5,57,2201,14,721,0.0,842,79.00,3,0
c183889_g1_i1,XP_018297880.1,65.782,716,227,5,57,2201,6,704,0.0,842,78.49,3,0
c183889_g1_i1,ETE58959.1,64.216,721,242,5,57,2201,18,728,0.0,840,79.75,3,0
c183889_g1_i1,XP_019374097.1,64.216,721,242,5,57,2201,18,728,0.0,840,79.75,3,0
c183889_g1_i1,XP_015205874.1,64.177,723,241,4,57,2201,20,732,0.0,840,79.39,3,0
c183889_g1_i1,XP_002721768.1,64.216,721,244,4,57,2201,19,731,0.0,840,79.06,3,0
c183889_g1_i1,XP_001367371.1,63.939,721,246,4,57,2201,19,731,0.0,839,79.47,3,0
c183889_g1_i1,XP_010020311.1,63.939,721,244,5,57,2201,28,738,0.0,839,79.75,3,0
c183889_g1_i1,XP_003756589.1,63.939,721,246,4,57,2201,19,731,0.0,838,79.47,3,0
c183889_g1_i1,KFQ56441.1,63.939,721,244,5,57,2201,18,728,0.0,838,79.75,3,0
c183889_g1_i1,XP_005285846.1,64.216,721,242,5,57,2201,18,728,0.0,838,79.75,3,0
c183889_g1_i1,XP_020649238.1,64.078,721,243,5,57,2201,18,728,0.0,838,79.75,3,0
c183889_g1_i1,XP_006632300.1,64.039,723,242,4,57,2201,20,732,0.0,838,79.25,3,0
c183889_g1_i1,XP_005243017.1,64.078,721,243,5,57,2201,18,728,0.0,838,79.61,3,0
c183889_g1_i1,XP_005149613.1,63.939,721,244,5,57,2201,18,728,0.0,838,79.75,3,0
c183889_g1_i1,XP_015205873.1,64.039,723,242,4,57,2201,20,732,0.0,838,79.25,3,0
c183889_g1_i1,EOB00416.1,63.939,721,244,5,57,2201,22,732,0.0,838,79.75,3,0
c183889_g1_i1,XP_020826824.1,63.939,721,246,4,57,2201,19,731,0.0,837,79.61,3,0
c183889_g1_i1,KFQ77344.1,63.939,721,245,5,57,2201,18,729,0.0,837,79.47,3,0
c183889_g1_i1,XP_008152985.1,64.315,723,242,5,57,2201,19,733,0.0,837,79.11,3,0
c183889_g1_i1,XP_007473615.1,63.939,721,246,4,57,2201,79,791,0.0,837,79.47,3,0
c183889_g1_i1,XP_005417949.1,63.800,721,245,5,57,2201,18,728,0.0,837,79.61,3,0
c183889_g1_i1,XP_010710229.1,63.939,721,244,5,57,2201,18,728,0.0,837,79.75,3,0
c183889_g1_i1,XP_006766684.1,64.315,723,242,5,57,2201,19,733,0.0,837,79.11,3,0
c183889_g1_i1,XP_007455688.1,64.177,723,242,6,57,2201,19,732,0.0,837,78.98,3,0
c183889_g1_i1,XP_022803600.1,64.503,724,244,3,51,2201,16,733,0.0,837,78.59,3,0
c183889_g1_i1,XP_015274090.1,64.216,721,242,5,57,2201,18,728,0.0,837,79.89,3,0
c183889_g1_i1,ALL27016.1,65.320,718,236,4,57,2201,15,722,0.0,837,79.94,3,0
c183889_g1_i1,PAA47193.1,65.508,719,238,4,57,2201,8,720,0.0,836,80.11,3,0
c183889_g1_i1,XP_021535528.1,64.503,724,239,6,57,2201,19,733,0.0,836,78.87,3,0
c183889_g1_i1,XP_014928829.1,64.503,724,239,6,57,2201,19,733,0.0,836,79.01,3,0
c183889_g1_i1,XP_023111815.1,64.503,724,239,6,57,2201,19,733,0.0,836,79.01,3,0
c183889_g1_i1,XP_020376926.1,63.724,725,249,3,57,2201,14,734,0.0,835,79.03,3,0
c183889_g1_i1,XP_004083479.1,62.551,737,229,6,57,2201,13,724,0.0,834,76.53,3,0
c183889_g1_i1,XP_020570462.1,62.551,737,229,6,57,2201,15,726,0.0,834,76.53,3,0
c183889_g1_i1,XP_024146309.1,62.551,737,229,6,57,2201,15,726,0.0,832,76.53,3,0
c183889_g1_i1,CAJ85741.1,65.181,718,237,4,57,2201,15,722,0.0,832,79.94,3,0
c183889_g1_i1,XP_014350000.1,64.127,722,244,4,57,2201,13,726,0.0,831,78.53,3,0
c183889_g1_i1,NP_001017963.2,64.315,723,241,6,57,2201,141,854,0.0,831,79.11,3,0
c183889_g1_i1,ABC40730.1,64.315,723,241,6,57,2201,141,854,0.0,831,79.11,3,0
c183889_g1_i1,XP_009817830.1,63.662,721,246,5,57,2201,28,738,0.0,831,79.20,3,0
c183889_g1_i1,XP_009465435.1,63.662,721,246,5,57,2201,18,728,0.0,831,79.20,3,0
c183889_g1_i1,XP_007896400.1,63.599,728,248,4,57,2201,14,737,0.0,831,78.57,3,0
c183889_g1_i1,XP_011535020.1,64.315,723,241,6,57,2201,140,853,0.0,830,79.11,3,0
c183889_g1_i1,XP_009508855.1,63.662,721,246,5,57,2201,18,728,0.0,830,79.06,3,0
c183889_g1_i1,XP_009029869.1,64.365,724,243,4,57,2201,12,729,0.0,830,79.42,3,0
c183889_g1_i1,XP_009858093.1,64.722,720,243,4,57,2201,14,727,0.0,829,78.47,3,0
c183889_g1_i1,XP_009557440.1,64.078,721,243,5,57,2201,18,728,0.0,828,79.89,3,0
c183889_g1_i1,ALZ42089.1,65.326,721,237,4,57,2201,15,728,0.0,827,80.03,3,0
c183889_g1_i1,XP_020483671.1,63.712,722,246,5,57,2201,13,725,0.0,826,79.09,3,0
c183889_g1_i1,AJP74821.1,63.573,722,247,5,57,2201,13,725,0.0,825,79.22,3,0
GAIZ01001518.1,XP_012660201.1,98.343,724,12,0,2274,103,1,724,0.0,1244,98.76,-2,0
GAIZ01001518.1,PNI77530.1,96.325,762,18,3,2361,103,5,765,0.0,1242,96.72,-2,0
GAIZ01001518.1,PNJ89302.1,96.325,762,18,3,2361,103,5,765,0.0,1241,96.59,-2,0
GAIZ01001518.1,XP_006926551.1,99.724,724,2,0,2274,103,1,724,0.0,1241,99.72,-2,0
GAIZ01001518.1,XP_015984208.1,99.586,724,3,0,2274,103,1,724,0.0,1240,99.72,-2,0
GAIZ01001518.1,ELK00257.1,99.724,724,2,0,2274,103,10,733,0.0,1240,99.72,-2,0
GAIZ01001518.1,XP_004739851.1,99.862,724,1,0,2274,103,1,724,0.0,1240,99.86,-2,0
GAIZ01001518.1,NP_001073105.1,99.724,724,2,0,2274,103,1,724,0.0,1240,99.86,-2,0
GAIZ01001518.1,XP_006069362.1,99.586,724,3,0,2274,103,1,724,0.0,1240,99.86,-2,0
GAIZ01001518.1,XP_020012750.1,99.724,724,2,0,2274,103,1,724,0.0,1239,99.72,-2,0
GAIZ01001518.1,XP_004673588.1,99.724,724,2,0,2274,103,1,724,0.0,1239,99.86,-2,0
GAIZ01001518.1,NP_032328.2,99.724,724,2,0,2274,103,1,724,0.0,1239,99.86,-2,0
GAIZ01001518.1,NP_001075407.1,99.724,724,2,0,2274,103,1,724,0.0,1239,99.72,-2,0
GAIZ01001518.1,XP_021547543.1,99.586,724,3,0,2274,103,1,724,0.0,1239,99.86,-2,0
GAIZ01001518.1,XP_004590465.1,99.724,724,2,0,2274,103,1,724,0.0,1239,99.72,-2,0
GAIZ01001518.1,XP_008151454.1,99.578,711,3,0,2235,103,15,725,0.0,1238,99.58,-2,0
GAIZ01001518.1,NP_001231362.1,99.724,724,2,0,2274,103,1,724,0.0,1238,99.86,-2,0
GAIZ01001518.1,XP_007107666.1,99.586,724,3,0,2274,103,1,724,0.0,1238,99.72,-2,0
GAIZ01001518.1,XP_005960167.1,99.586,724,3,0,2274,103,1,724,0.0,1238,99.86,-2,0
GAIZ01001518.1,XP_004605885.1,99.586,724,3,0,2274,103,1,724,0.0,1238,99.86,-2,0
GAIZ01001518.1,XP_015343294.1,99.448,724,4,0,2274,103,1,724,0.0,1238,99.59,-2,0
GAIZ01001518.1,XP_007107665.1,99.586,724,3,0,2274,103,2,725,0.0,1238,99.72,-2,0
GAIZ01001518.1,XP_005389866.1,99.724,724,2,0,2274,103,1,724,0.0,1238,99.72,-2,0
GAIZ01001518.1,BAE87589.1,99.586,724,3,0,2274,103,1,724,0.0,1238,99.59,-2,0
GAIZ01001518.1,XP_005318678.1,99.448,724,4,0,2274,103,1,724,0.0,1238,99.72,-2,0
GAIZ01001518.1,XP_004424129.1,99.448,724,4,0,2274,103,1,724,0.0,1238,99.72,-2,0
GAIZ01001518.1,XP_004267576.1,99.448,724,4,0,2274,103,1,724,0.0,1238,99.72,-2,0
GAIZ01001518.1,XP_021084221.1,99.312,727,5,0,2283,103,85,811,0.0,1237,99.72,-2,0
GAIZ01001518.1,XP_016068305.1,99.437,711,4,0,2235,103,15,725,0.0,1237,99.58,-2,0
GAIZ01001518.1,XP_010977847.1,99.586,724,3,0,2274,103,1,724,0.0,1237,99.72,-2,0
GAIZ01001518.1,XP_006190767.1,99.724,724,2,0,2274,103,1,724,0.0,1237,99.86,-2,0
GAIZ01001518.1,NP_031381.2,99.586,724,3,0,2274,103,1,724,0.0,1237,99.72,-2,0
GAIZ01001518.1,XP_005861017.1,99.578,711,3,0,2235,103,15,725,0.0,1237,99.58,-2,0
GAIZ01001518.1,EPQ04441.1,99.578,711,3,0,2235,103,37,747,0.0,1237,99.58,-2,0
GAIZ01001518.1,XP_004846515.1,99.586,724,3,0,2274,103,1,724,0.0,1237,99.72,-2,0
GAIZ01001518.1,ABE27999.1,99.586,724,3,0,2274,103,1,724,0.0,1237,99.86,-2,0
GAIZ01001518.1,AAH82009.1,99.586,724,3,0,2274,103,1,724,0.0,1237,99.72,-2,0
GAIZ01001518.1,NP_001126444.1,99.586,724,3,0,2274,103,1,724,0.0,1236,99.72,-2,0
GAIZ01001518.1,XP_007537448.1,99.586,724,3,0,2274,103,1,724,0.0,1236,99.59,-2,0
GAIZ01001518.1,XP_005359887.1,99.724,724,2,0,2274,103,1,724,0.0,1236,99.72,-2,0
GAIZ01001518.1,5FWK_A,99.586,724,3,0,2274,103,4,727,0.0,1236,99.72,-2,0
GAIZ01001518.1,XP_010616035.1,99.586,724,3,0,2274,103,1,724,0.0,1236,99.59,-2,0
GAIZ01001518.1,KFO36200.1,99.448,725,4,0,2277,103,82,806,0.0,1236,99.59,-2,0
GAIZ01001518.1,BAE27449.1,99.448,724,4,0,2274,103,1,724,0.0,1236,99.72,-2,0
GAIZ01001518.1,XP_011752683.1,99.586,724,3,0,2274,103,1,724,0.0,1235,99.59,-2,0
GAIZ01001518.1,ELW65618.1,96.047,759,17,2,2340,103,24,782,0.0,1235,96.31,-2,0
GAIZ01001518.1,XP_008570862.1,99.309,724,5,0,2274,103,1,724,0.0,1235,99.72,-2,0
GAIZ01001518.1,XP_010368073.1,99.309,724,5,0,2274,103,1,724,0.0,1234,99.72,-2,0
GAIZ01001518.1,XP_017733599.1,99.448,724,4,0,2274,103,1,724,0.0,1234,99.45,-2,0
GAIZ01001518.1,XP_006860576.1,99.309,724,5,0,2274,103,1,724,0.0,1234,99.72,-2,0
GAIZ01001518.1,XP_007934378.1,99.309,724,5,0,2274,103,1,724,0.0,1234,99.72,-2,0
GAIZ01001518.1,EHH53075.1,99.448,724,4,0,2274,103,1,724,0.0,1234,99.45,-2,0
GAIZ01001518.1,XP_004649508.1,99.033,724,7,0,2274,103,1,724,0.0,1234,99.59,-2,0
GAIZ01001518.1,XP_017531762.1,99.309,724,5,0,2274,103,1,724,0.0,1233,99.45,-2,0
GAIZ01001518.1,NP_001274199.1,92.455,729,50,2,2274,103,1,729,0.0,1233,95.75,-2,0
GAIZ01001518.1,XP_019405191.1,92.455,729,50,2,2274,103,1,729,0.0,1233,95.88,-2,0
GAIZ01001518.1,XP_019498342.1,99.171,724,6,0,2274,103,1,724,0.0,1233,99.31,-2,0
GAIZ01001518.1,AAA37866.1,99.448,724,4,0,2274,103,1,724,0.0,1233,99.59,-2,0
GAIZ01001518.1,XP_007458352.1,98.481,724,11,0,2274,103,1,724,0.0,1233,99.59,-2,0
GAIZ01001518.1,XP_006149126.1,99.448,724,4,0,2274,103,1,724,0.0,1232,99.45,-2,0
GAIZ01001518.1,XP_006018632.1,92.318,729,51,2,2274,103,1,729,0.0,1232,95.88,-2,0
GAIZ01001518.1,EHB10884.1,99.448,725,3,1,2274,103,1,725,0.0,1232,99.59,-2,0
GAIZ01001518.1,AAA36025.1,99.309,724,5,0,2274,103,1,724,0.0,1231,99.45,-2,0
GAIZ01001518.1,BAB20776.1,99.576,708,3,0,2235,112,6,713,0.0,1231,99.72,-2,0
GAIZ01001518.1,XP_022437727.1,98.757,724,9,0,2274,103,1,724,0.0,1230,99.17,-2,0
GAIZ01001518.1,NP_001267386.1,99.171,724,6,0,2274,103,1,724,0.0,1229,99.31,-2,0
GAIZ01001518.1,XP_002914502.1,98.757,724,9,0,2274,103,1,724,0.0,1228,99.45,-2,0
GAIZ01001518.1,XP_010972124.1,98.734,711,9,0,2235,103,19,729,0.0,1226,99.58,-2,0
GAIZ01001518.1,XP_021531737.1,98.895,724,8,0,2274,103,1,724,0.0,1225,99.17,-2,0
GAIZ01001518.1,XP_008151455.1,99.015,711,5,1,2235,103,15,723,0.0,1223,99.02,-2,0
GAIZ01001518.1,XP_004408188.1,99.171,724,2,1,2274,103,1,720,0.0,1223,99.31,-2,0
GAIZ01001518.1,AAA37865.1,98.343,724,12,0,2274,103,1,724,0.0,1222,98.62,-2,0
GAIZ01001518.1,XP_010374224.1,98.619,724,10,0,2274,103,1,724,0.0,1219,98.90,-2,0
GAIZ01001518.1,XP_007934379.1,98.757,724,7,1,2274,103,1,722,0.0,1219,99.17,-2,0
GAIZ01001518.1,XP_007458353.1,97.928,724,13,1,2274,103,1,722,0.0,1217,99.03,-2,0
GAIZ01001518.1,ERE90102.1,99.857,700,1,0,2202,103,1,700,0.0,1216,99.86,-2,0
GAIZ01001518.1,XP_010303202.1,95.994,724,29,0,2274,103,1,724,0.0,1210,98.07,-2,0
GAIZ01001518.1,XP_004605886.1,98.204,724,3,1,2274,103,1,714,0.0,1209,98.48,-2,0
GAIZ01001518.1,XP_011842225.1,98.343,724,2,1,2274,103,1,714,0.0,1208,98.34,-2,0
GAIZ01001518.1,NP_001258901.1,98.204,724,3,1,2274,103,1,714,0.0,1207,98.34,-2,0
GAIZ01001518.1,XP_006860577.1,97.928,724,5,1,2274,103,1,714,0.0,1205,98.34,-2,0
GAIZ01001518.1,XP_004649509.1,97.652,724,7,1,2274,103,1,714,0.0,1204,98.20,-2,0
GAIZ01001518.1,XP_023780192.1,92.956,724,51,0,2274,103,1,724,0.0,1203,96.13,-2,0
GAIZ01001518.1,BAG57821.1,97.928,724,5,1,2274,103,1,714,0.0,1200,98.20,-2,0
GAIZ01001518.1,XP_010303203.1,94.613,724,29,1,2274,103,1,714,0.0,1180,96.69,-2,0
GAIZ01001518.1,BAG59814.1,94.199,724,4,1,2274,103,1,686,0.0,1133,94.48,-2,0
GAIZ01001518.1,XP_011842226.1,93.094,724,2,1,2274,103,1,676,0.0,1115,93.09,-2,0
GAIZ01001518.1,XP_004605887.1,92.956,724,3,1,2274,103,1,676,0.0,1115,93.23,-2,0
GAIZ01001518.1,XP_008151457.1,92.827,711,3,1,2235,103,15,677,0.0,1115,92.83,-2,0
GAIZ01001518.1,AAH09206.2,99.538,650,3,0,2052,103,1,650,0.0,1114,99.69,-2,0
GAIZ01001518.1,NP_001258900.1,92.956,724,3,1,2274,103,1,676,0.0,1114,93.09,-2,0
GAIZ01001518.1,XP_007458354.1,91.989,724,10,1,2274,103,1,676,0.0,1112,92.96,-2,0
GAIZ01001518.1,XP_004649510.1,92.403,724,7,1,2274,103,1,676,0.0,1112,92.96,-2,0
GAIZ01001518.1,XP_007934380.1,92.680,724,5,1,2274,103,1,676,0.0,1111,93.09,-2,0
GAIZ01001518.1,XP_004408189.1,92.541,724,2,2,2274,103,1,672,0.0,1101,92.68,-2,0
GAIZ01001518.1,XP_010303204.1,89.779,724,26,1,2274,103,1,676,0.0,1093,91.44,-2,0
GAIZ01001518.1,XP_016810230.1,99.684,632,2,0,1998,103,1,632,0.0,1080,99.68,-2,0
GAIZ01001518.1,AAF82792.1,99.525,632,3,0,1998,103,1,632,0.0,1078,99.68,-2,0
GAIZ01001518.1,XP_006126585.1,94.304,632,36,0,1998,103,1,632,0.0,1064,96.99,-2,0
GAIZ01001518.1,XP_010010145.1,94.937,632,32,0,1998,103,1,632,0.0,1050,96.52,-2,0
c211855_g1_i3,ADK64952.1,99.723,723,2,0,1260,3428,1,723,0.0,1286,99.86,3,0
c211855_g1_i3,XP_022202749.1,88.098,731,84,3,1242,3428,1,730,0.0,1187,94.12,3,0
c211855_g1_i3,AFK64820.1,87.688,731,87,3,1242,3428,1,730,0.0,1176,93.98,3,0
c211855_g1_i3,AFP54306.1,96.437,449,15,1,2085,3428,279,727,0.0,842,98.22,3,0
c211855_g1_i3,AFP54306.1,96.847,222,7,0,1242,1907,1,222,8.36e-136,440,98.65,3,0
c211855_g1_i3,XP_023720867.1,94.000,450,25,2,2085,3428,278,727,0.0,822,96.89,3,0
c211855_g1_i3,XP_023720867.1,97.297,222,6,0,1242,1907,1,222,1.76e-137,445,99.10,3,0
c211855_g1_i3,XP_021934936.1,93.333,450,28,2,2085,3428,277,726,0.0,819,97.33,3,0
c211855_g1_i3,XP_021934936.1,96.396,222,8,0,1242,1907,1,222,2.13e-135,439,97.75,3,0
c211855_g1_i3,AIY24626.1,92.873,449,31,1,2085,3428,275,723,0.0,816,97.55,3,0
c211855_g1_i3,AIY24626.1,93.694,222,13,1,1242,1907,1,221,2.27e-129,423,97.30,3,0
c211855_g1_i3,XP_014479982.1,93.096,449,30,1,2085,3428,277,725,0.0,816,97.33,3,0
c211855_g1_i3,XP_014479982.1,90.090,222,22,0,1242,1907,1,222,1.12e-127,419,96.40,3,0
c211855_g1_i3,XP_011154034.1,92.873,449,31,1,2085,3428,275,723,0.0,813,97.10,3,0
c211855_g1_i3,XP_011154034.1,90.090,222,22,0,1242,1907,1,222,7.22e-128,419,96.85,3,0
c211855_g1_i3,XP_003704636.1,92.428,449,33,1,2085,3428,274,722,0.0,811,96.66,3,0
c211855_g1_i3,XP_003704636.1,87.838,222,27,0,1242,1907,1,222,1.94e-123,407,95.50,3,0
c211855_g1_i3,AIM18803.1,91.314,449,38,1,2085,3428,275,723,0.0,811,96.66,3,0
c211855_g1_i3,AIM18803.1,93.243,222,13,1,1242,1907,1,220,3.01e-128,420,96.40,3,0
c211855_g1_i3,XP_011635185.1,92.650,449,32,1,2085,3428,274,722,0.0,809,96.44,3,0
c211855_g1_i3,XP_011635185.1,90.541,222,21,0,1242,1907,1,222,8.57e-129,421,96.85,3,0
c211855_g1_i3,AAS45246.2,93.987,449,26,1,2085,3428,270,718,0.0,808,95.99,3,0
c211855_g1_i3,AAS45246.2,92.593,216,16,0,1260,1907,1,216,2.04e-125,412,97.22,3,0
c211855_g1_i3,XP_012539357.1,92.205,449,34,1,2085,3428,275,723,0.0,806,96.66,3,0
c211855_g1_i3,XP_012539357.1,90.991,222,20,0,1242,1907,1,222,5.07e-129,422,96.85,3,0
c211855_g1_i3,XP_012059177.1,91.982,449,35,1,2085,3428,276,724,0.0,806,96.66,3,0
c211855_g1_i3,XP_012059177.1,90.991,222,20,0,1242,1907,1,222,6.63e-129,422,96.85,3,0
c211855_g1_i3,XP_011060405.1,91.982,449,35,1,2085,3428,276,724,0.0,806,96.66,3,0
c211855_g1_i3,XP_011060405.1,90.991,222,20,0,1242,1907,1,222,6.63e-129,422,96.85,3,0
c211855_g1_i3,KOX70250.1,92.205,449,34,1,2085,3428,258,706,0.0,806,96.44,3,0
c211855_g1_i3,KOX70250.1,82.432,222,19,1,1242,1907,1,202,1.08e-108,367,87.84,3,0
c211855_g1_i3,XP_011250812.1,92.428,449,33,1,2085,3428,274,722,0.0,806,96.66,3,0
c211855_g1_i3,XP_011250812.1,91.892,222,18,0,1242,1907,1,222,4.04e-130,425,97.30,3,0
c211855_g1_i3,NP_001153536.1,92.205,449,34,1,2085,3428,276,724,0.0,805,96.44,3,0
c211855_g1_i3,NP_001153536.1,90.090,222,22,0,1242,1907,1,222,9.53e-128,419,96.40,3,0
c211855_g1_i3,XP_006619000.1,92.205,449,34,1,2085,3428,276,724,0.0,805,96.44,3,0
c211855_g1_i3,XP_006619000.1,90.090,222,22,0,1242,1907,1,222,9.94e-128,419,96.40,3,0
c211855_g1_i3,XP_011691196.1,91.759,449,36,1,2085,3428,274,722,0.0,805,96.66,3,0
c211855_g1_i3,XP_011691196.1,91.892,222,18,0,1242,1907,1,222,4.00e-130,425,97.30,3,0
c211855_g1_i3,XP_003396897.1,92.205,449,34,1,2085,3428,277,725,0.0,805,96.44,3,0
c211855_g1_i3,XP_003396897.1,89.189,222,24,0,1242,1907,1,222,6.03e-126,414,95.95,3,0
c211855_g1_i3,XP_020292898.1,92.205,449,34,1,2085,3428,276,724,0.0,804,96.44,3,0
c211855_g1_i3,XP_020292898.1,90.090,222,22,0,1242,1907,1,222,7.27e-128,419,96.85,3,0
c211855_g1_i3,XP_018309769.1,91.759,449,36,1,2085,3428,276,724,0.0,804,96.66,3,0
c211855_g1_i3,XP_018309769.1,90.991,222,20,0,1242,1907,1,222,6.10e-129,422,96.85,3,0
c211855_g1_i3,XP_018376570.1,91.537,449,37,1,2085,3428,276,724,0.0,804,96.44,3,0
c211855_g1_i3,XP_018376570.1,90.991,222,20,0,1242,1907,1,222,6.30e-129,422,96.85,3,0
c211855_g1_i3,XP_018402144.1,91.759,449,36,1,2085,3428,276,724,0.0,803,96.66,3,0
c211855_g1_i3,XP_018402144.1,90.991,222,20,0,1242,1907,1,222,4.42e-129,422,96.85,3,0
c211855_g1_i3,XP_012279332.1,92.205,449,34,1,2085,3428,273,721,0.0,803,96.66,3,0
c211855_g1_i3,XP_012279332.1,89.640,222,23,0,1242,1907,1,222,4.22e-127,417,95.95,3,0
c211855_g1_i3,KYM96601.1,91.759,449,36,1,2085,3428,276,724,0.0,803,96.66,3,0
c211855_g1_i3,KYM96601.1,90.991,222,20,0,1242,1907,1,222,4.61e-128,422,96.85,3,0
c211855_g1_i3,XP_011879750.1,91.314,449,38,1,2085,3428,274,722,0.0,802,96.44,3,0
c211855_g1_i3,XP_011879750.1,89.640,222,22,1,1242,1907,1,221,1.03e-125,413,96.40,3,0
c211855_g1_i3,XP_014284945.1,91.314,449,38,1,2085,3428,275,723,0.0,801,96.66,3,0
c211855_g1_i3,XP_014284945.1,93.243,222,12,1,1242,1907,1,219,6.58e-130,424,96.85,3,0
c211855_g1_i3,KMQ95531.1,91.759,449,36,1,2085,3428,277,725,0.0,801,96.21,3,0
c211855_g1_i3,KMQ95531.1,92.342,222,17,0,1242,1907,1,222,1.37e-130,426,97.30,3,0
c211855_g1_i3,XP_011171324.1,91.537,449,37,1,2085,3428,275,723,0.0,801,96.66,3,0
c211855_g1_i3,XP_011171324.1,90.090,222,22,0,1242,1907,1,222,9.56e-128,419,96.85,3,0
c211855_g1_i3,XP_003707899.1,91.741,448,36,1,2085,3428,272,718,0.0,801,96.21,3,0
c211855_g1_i3,XP_003707899.1,93.458,214,14,0,1266,1907,8,221,8.54e-125,410,97.20,3,0
c211855_g1_i3,XP_012230927.1,91.091,449,39,1,2085,3428,275,723,0.0,800,96.21,3,0
c211855_g1_i3,XP_012230927.1,90.541,222,21,0,1242,1907,1,222,4.86e-128,419,96.85,3,0
c211855_g1_i3,XP_015599947.1,90.423,449,42,1,2085,3428,274,722,0.0,799,95.99,3,0
c211855_g1_i3,XP_015599947.1,89.686,223,22,1,1242,1907,1,223,2.26e-124,410,95.52,3,0
c211855_g1_i3,XP_012270106.1,89.955,448,45,0,2085,3428,271,718,0.0,799,96.21,3,0
c211855_g1_i3,XP_012270106.1,91.441,222,18,1,1242,1907,1,221,1.81e-126,415,95.95,3,0
c211855_g1_i3,XP_018352250.1,91.111,450,38,2,2085,3428,276,725,0.0,798,96.44,3,0
c211855_g1_i3,XP_018352250.1,90.991,222,20,0,1242,1907,1,222,5.78e-129,422,96.85,3,0
c211855_g1_i3,XP_012218219.1,91.314,449,38,1,2085,3428,275,723,0.0,798,96.21,3,0
c211855_g1_i3,XP_012218219.1,90.090,222,22,0,1242,1907,1,222,1.24e-127,418,96.85,3,0
c211855_g1_i3,AFN08644.1,92.873,449,31,1,2085,3428,276,724,0.0,796,95.32,3,0
c211855_g1_i3,AFN08644.1,92.793,222,16,0,1242,1907,1,222,1.61e-130,426,97.75,3,0
c211855_g1_i3,XP_015434525.1,90.423,449,42,1,2085,3428,274,722,0.0,796,96.44,3,0
c211855_g1_i3,XP_015434525.1,88.739,222,25,0,1242,1907,1,222,3.66e-126,414,95.95,3,0
c211855_g1_i3,XP_015434526.1,90.423,449,42,1,2085,3428,268,716,0.0,796,96.44,3,0
c211855_g1_i3,XP_015434526.1,89.352,216,23,0,1260,1907,1,216,1.13e-122,405,96.30,3,0
c211855_g1_i3,XP_011345590.1,90.869,449,40,1,2085,3428,274,722,0.0,796,95.77,3,0
c211855_g1_i3,XP_011345590.1,90.090,222,22,0,1242,1907,1,222,3.91e-127,417,96.40,3,0
c211855_g1_i3,XP_015603162.1,90.869,449,40,1,2085,3428,272,720,0.0,795,95.77,3,0
c211855_g1_i3,XP_015603162.1,93.243,222,14,1,1242,1907,1,221,4.29e-129,422,96.40,3,0
c211855_g1_i3,XP_008551765.1,90.402,448,43,0,2085,3428,276,723,0.0,795,96.21,3,0
c211855_g1_i3,XP_008551765.1,89.640,222,22,1,1242,1907,1,221,2.10e-124,410,96.40,3,0
c211855_g1_i3,XP_014239772.1,91.537,449,35,2,2085,3428,276,722,0.0,793,95.77,3,0
c211855_g1_i3,XP_014239772.1,92.793,222,13,1,1242,1907,1,219,9.02e-130,424,97.30,3,0
c211855_g1_i3,XP_003492149.1,90.402,448,42,1,2085,3428,271,717,0.0,792,95.54,3,0
c211855_g1_i3,XP_003492149.1,91.549,213,18,0,1269,1907,9,221,1.19e-122,405,97.18,3,0
c211855_g1_i3,NP_001036876.1,90.179,448,44,0,2085,3428,269,716,0.0,792,95.54,3,0
c211855_g1_i3,NP_001036876.1,90.090,222,21,1,1242,1907,1,221,5.50e-125,411,95.50,3,0
c211855_g1_i3,ABV55506.1,89.955,448,45,0,2085,3428,276,723,0.0,791,96.21,3,0
c211855_g1_i3,ABV55506.1,89.189,222,23,1,1242,1907,1,221,1.05e-122,405,95.50,3,0
c211855_g1_i3,XP_014283543.1,92.428,449,33,1,2085,3428,272,720,0.0,790,96.88,3,0
c211855_g1_i3,XP_014283543.1,93.694,222,11,1,1242,1907,1,219,1.41e-129,424,96.40,3,0
c211855_g1_i3,XP_014598354.1,90.423,449,42,1,2085,3428,271,719,0.0,790,95.77,3,0
c211855_g1_i3,XP_014598354.1,86.937,222,28,1,1242,1907,1,221,2.41e-119,396,94.14,3,0
c211855_g1_i3,BAE44307.1,89.732,448,46,0,2085,3428,270,717,0.0,790,95.31,3,0
c211855_g1_i3,BAE44307.1,89.189,222,23,1,1242,1907,1,221,6.04e-124,408,95.95,3,0
c211855_g1_i3,AHB63833.1,90.667,450,40,2,2085,3428,280,729,0.0,790,95.78,3,0
c211855_g1_i3,AHB63833.1,93.694,222,13,1,1242,1907,1,221,9.80e-131,427,97.30,3,0
c211855_g1_i3,AFX84559.1,90.869,449,40,1,2085,3428,274,722,0.0,788,95.32,3,0
c211855_g1_i3,AFX84559.1,93.243,222,13,1,1242,1907,1,220,7.03e-129,422,96.40,3,0
c211855_g1_i3,ABA54273.2,89.732,448,46,0,2085,3428,270,717,0.0,788,95.54,3,0
c211855_g1_i3,ABA54273.2,89.686,223,20,2,1242,1907,1,221,6.23e-124,408,95.07,3,0
c211855_g1_i3,APX61060.1,89.509,448,47,0,2085,3428,270,717,0.0,788,95.54,3,0
c211855_g1_i3,APX61060.1,87.838,222,27,0,1242,1907,1,222,9.34e-123,405,94.14,3,0
c211855_g1_i3,XP_015184783.1,90.200,449,43,1,2085,3428,271,719,0.0,788,95.77,3,0
c211855_g1_i3,XP_015184783.1,87.838,222,26,1,1242,1907,1,221,1.19e-120,400,94.59,3,0
c211855_g1_i3,XP_003393129.2,90.402,448,41,2,2085,3428,273,718,0.0,788,95.76,3,0
c211855_g1_i3,XP_003393129.2,92.019,213,17,0,1269,1907,10,222,1.42e-122,405,96.71,3,0
c211855_g1_i3,AIZ00846.1,89.732,448,46,0,2085,3428,270,717,0.0,788,95.54,3,0
c211855_g1_i3,AIZ00846.1,89.686,223,20,2,1242,1907,1,221,8.59e-124,408,95.07,3,0
c211855_g1_i3,XP_022834656.1,89.509,448,47,0,2085,3428,270,717,0.0,788,95.54,3,0
c211855_g1_i3,XP_022834656.1,90.583,223,18,2,1242,1907,1,221,6.27e-125,411,95.07,3,0
c211855_g1_i3,AAG44630.1,89.509,448,47,0,2085,3428,270,717,0.0,788,95.54,3,0
c211855_g1_i3,AAG44630.1,90.135,223,19,2,1242,1907,1,221,2.19e-123,407,94.62,3,0
c211855_g1_i3,OWR51029.1,89.732,448,46,0,2085,3428,271,718,0.0,787,95.76,3,0
c211855_g1_i3,OWR51029.1,88.288,222,25,1,1242,1907,1,221,4.02e-122,404,94.59,3,0
c211855_g1_i3,ACL77779.1,89.509,448,47,0,2085,3428,270,717,0.0,787,95.54,3,0
c211855_g1_i3,ACL77779.1,90.135,223,19,2,1242,1907,1,221,9.63e-124,408,94.62,3,0
c211855_g1_i3,ADM26737.1,89.509,448,47,0,2085,3428,269,716,0.0,787,95.54,3,0
c211855_g1_i3,ADM26737.1,90.991,222,18,1,1242,1907,1,220,8.38e-126,413,95.50,3,0
c211855_g1_i3,PCG80940.1,89.509,448,47,0,2085,3428,270,717,0.0,787,95.54,3,0
c211855_g1_i3,PCG80940.1,90.135,223,19,2,1242,1907,1,221,4.91e-124,409,94.62,3,0
c211855_g1_i3,XP_021196806.1,89.509,448,47,0,2085,3428,270,717,0.0,787,95.54,3,0
c211855_g1_i3,XP_021196806.1,90.135,223,19,2,1242,1907,1,221,4.96e-124,409,94.62,3,0
c211855_g1_i3,XP_003694932.1,89.062,448,48,1,2085,3428,271,717,0.0,787,95.09,3,0
c211855_g1_i3,XP_003694932.1,88.288,222,25,1,1242,1907,1,221,5.00e-121,400,95.05,3,0
c211855_g1_i3,ADM66139.1,89.509,448,47,0,2085,3428,270,717,0.0,787,95.54,3,0
c211855_g1_i3,ADM66139.1,90.135,223,19,2,1242,1907,1,221,3.94e-124,409,94.62,3,0
c211855_g1_i3,ACQ78181.1,89.509,448,47,0,2085,3428,270,717,0.0,787,95.54,3,0
c211855_g1_i3,ACQ78181.1,90.135,223,19,2,1242,1907,1,221,1.16e-123,407,94.62,3,0
c211855_g1_i3,AGM20719.1,90.646,449,41,1,2085,3428,274,722,0.0,786,95.32,3,0
c211855_g1_i3,AGM20719.1,91.892,222,16,1,1242,1907,1,220,7.82e-119,395,96.40,3,0
c211855_g1_i3,XP_006616995.1,89.062,448,48,1,2085,3428,271,717,0.0,786,95.54,3,0
c211855_g1_i3,XP_006616995.1,91.549,213,18,0,1269,1907,9,221,1.87e-121,402,96.71,3,0
c211855_g1_i3,BAF03554.1,89.509,448,47,0,2085,3428,270,717,0.0,786,95.31,3,0
c211855_g1_i3,BAF03554.1,90.135,223,19,2,1242,1907,1,221,4.80e-124,409,95.07,3,0
c211855_g1_i3,AJZ68818.1,89.509,448,47,0,2085,3428,274,721,0.0,786,95.76,3,0
c211855_g1_i3,AJZ68818.1,90.541,222,20,1,1242,1907,1,221,4.00e-125,412,96.40,3,0
c211855_g1_i3,XP_013196563.1,89.062,448,49,0,2085,3428,269,716,0.0,786,95.54,3,0
c211855_g1_i3,XP_013196563.1,89.189,222,23,1,1242,1907,1,221,5.81e-124,408,95.95,3,0
c211855_g1_i3,ADD21559.1,89.286,448,48,0,2085,3428,270,717,0.0,786,95.54,3,0
c211855_g1_i3,ADD21559.1,89.238,223,21,2,1242,1907,1,221,2.89e-122,404,94.17,3,0
c211855_g1_i3,ADM26740.1,89.509,448,47,0,2085,3428,270,717,0.0,785,95.31,3,0
c211855_g1_i3,ADM26740.1,89.686,223,20,2,1242,1907,1,221,6.16e-124,408,95.07,3,0
c211855_g1_i3,ACV32639.1,89.062,448,49,0,2085,3428,270,717,0.0,785,95.31,3,0
c211855_g1_i3,ACV32639.1,90.135,223,19,2,1242,1907,1,221,4.07e-124,409,94.62,3,0
c211855_g1_i3,ABM89112.1,88.839,448,50,0,2085,3428,268,715,0.0,785,95.54,3,0
c211855_g1_i3,ABM89112.1,87.387,222,27,1,1242,1907,1,221,2.03e-122,404,95.50,3,0
c211855_g1_i3,OXU17946.1,91.741,448,37,0,2085,3428,274,721,0.0,785,96.43,3,0
c211855_g1_i3,OXU17946.1,90.991,222,20,0,1242,1907,1,222,1.04e-128,421,97.30,3,0
c211855_g1_i3,XP_015509139.1,91.091,449,39,1,2085,3428,275,723,0.0,785,97.10,3,0
c211855_g1_i3,XP_015509139.1,91.892,222,18,0,1242,1907,1,222,1.23e-127,418,96.40,3,0
c211855_g1_i3,XP_014211298.1,90.022,451,42,2,2085,3428,277,727,0.0,785,94.90,3,0
c211855_g1_i3,XP_014211298.1,89.640,222,23,0,1242,1907,1,222,2.82e-125,412,95.50,3,0
c211855_g1_i3,XP_012250991.1,88.393,448,52,0,2085,3428,273,720,0.0,785,95.76,3,0
c211855_g1_i3,XP_012250991.1,91.441,222,17,1,1242,1907,1,220,1.02e-126,416,95.95,3,0
c211855_g1_i3,XP_011557927.1,88.839,448,50,0,2085,3428,270,717,0.0,785,95.54,3,0
c211855_g1_i3,XP_011557927.1,90.541,222,20,1,1242,1907,1,221,8.39e-125,410,95.95,3,0
c211855_g1_i3,ADM26743.1,89.286,448,48,0,2085,3428,270,717,0.0,785,95.54,3,0
c211855_g1_i3,ADM26743.1,90.135,223,19,2,1242,1907,1,221,5.79e-124,409,94.62,3,0
c211855_g1_i3,ABN09628.1,88.616,448,51,0,2085,3428,268,715,0.0,785,95.54,3,0
c211855_g1_i3,ABN09628.1,87.387,222,27,1,1242,1907,1,221,2.57e-122,404,95.50,3,0
c211855_g1_i3,XP_016845773.1,91.518,448,38,0,2085,3428,274,721,0.0,785,96.43,3,0
c211855_g1_i3,XP_016845773.1,90.991,222,20,0,1242,1907,1,222,7.58e-129,422,97.30,3,0
c211855_g1_i3,AHE77376.1,90.402,448,43,0,2085,3428,270,717,0.0,785,94.42,3,0
c211855_g1_i3,AHE77376.1,90.090,222,18,1,1242,1907,1,218,9.37e-126,413,95.95,3,0
c211855_g1_i3,ADD91573.1,89.062,448,49,0,2085,3428,270,717,0.0,784,95.31,3,0
c211855_g1_i3,ADD91573.1,87.838,222,27,0,1242,1907,1,222,1.02e-122,405,94.14,3,0
c211855_g1_i3,XP_018325772.1,89.978,449,44,1,2085,3428,272,720,0.0,783,94.65,3,0
c211855_g1_i3,XP_018325772.1,91.441,222,14,1,1242,1907,1,217,1.66e-125,412,94.14,3,0
c211855_g1_i3,AIU47031.1,88.470,451,49,1,2085,3428,271,721,0.0,783,94.46,3,0
c211855_g1_i3,AIU47031.1,88.479,217,25,0,1251,1901,3,219,3.89e-119,395,93.09,3,0
c211855_g1_i3,BAE48742.1,88.616,448,51,0,2085,3428,270,717,0.0,783,95.31,3,0
c211855_g1_i3,BAE48742.1,90.090,222,21,1,1242,1907,1,221,1.33e-123,407,95.50,3,0
c211855_g1_i3,ABP93404.1,88.616,448,51,0,2085,3428,269,716,0.0,783,95.09,3,0
c211855_g1_i3,ABP93404.1,89.189,222,23,1,1242,1907,1,221,9.37e-124,408,95.50,3,0
c211855_g1_i3,XP_008470814.1,88.000,450,52,1,2085,3428,274,723,0.0,783,94.67,3,0
c211855_g1_i3,XP_008470814.1,89.041,219,22,2,1242,1895,1,218,2.83e-110,372,94.52,3,0
c211855_g1_i3,AFV09397.1,88.170,448,53,0,2085,3428,269,716,0.0,782,95.09,3,0
c211855_g1_i3,AFV09397.1,89.640,222,21,1,1242,1907,1,220,3.76e-123,406,95.05,3,0
c211855_g1_i3,PBC31037.1,88.393,448,51,1,2085,3428,271,717,0.0,782,95.31,3,0
c211855_g1_i3,PBC31037.1,88.288,222,25,1,1242,1907,1,221,4.51e-121,400,95.05,3,0
c211855_g1_i3,XP_016904556.1,88.393,448,51,1,2085,3428,271,717,0.0,782,95.31,3,0
c211855_g1_i3,XP_016904556.1,90.610,213,20,0,1269,1907,9,221,1.70e-120,399,96.71,3,0
c211855_g1_i3,XP_006571335.1,88.393,448,51,1,2085,3428,272,718,0.0,782,95.31,3,0
c211855_g1_i3,XP_006571335.1,90.610,213,20,0,1269,1907,9,221,2.70e-120,399,96.24,3,0
c211855_g1_i3,AFC76152.1,87.723,448,55,0,2085,3428,274,721,0.0,782,95.31,3,0
c211855_g1_i3,AFC76152.1,89.189,222,23,1,1242,1907,1,221,3.44e-123,406,94.59,3,0
c211855_g1_i3,ABN09626.1,88.616,448,51,0,2085,3428,268,715,0.0,782,95.09,3,0
c211855_g1_i3,ABN09626.1,86.937,222,28,1,1242,1907,1,221,4.36e-121,400,95.05,3,0
c211855_g1_i3,AIA61349.1,89.357,451,43,2,2085,3428,275,723,0.0,781,94.68,3,0
c211855_g1_i3,AIA61349.1,90.991,222,16,1,1242,1907,1,218,3.46e-126,414,95.95,3,0
c211855_g1_i3,XP_018325773.1,89.111,450,47,2,2085,3428,269,718,0.0,781,95.11,3,0
c211855_g1_i3,XP_018325773.1,93.056,216,15,0,1260,1907,1,216,2.99e-125,412,95.83,3,0
GAIZ01017740.1,ADK64952.1,99.723,723,2,0,109,2277,1,723,0.0,1286,99.86,1,0
GAIZ01017740.1,XP_022202749.1,88.098,731,84,3,91,2277,1,730,0.0,1187,94.12,1,0
GAIZ01017740.1,AFK64820.1,87.688,731,87,3,91,2277,1,730,0.0,1176,93.98,1,0
GAIZ01017740.1,AFP54306.1,96.437,449,15,1,934,2277,279,727,0.0,842,98.22,1,0
GAIZ01017740.1,AFP54306.1,96.847,222,7,0,91,756,1,222,9.88e-140,440,98.65,1,0
GAIZ01017740.1,XP_023720867.1,94.000,450,25,2,934,2277,278,727,0.0,822,96.89,1,0
GAIZ01017740.1,XP_023720867.1,97.297,222,6,0,91,756,1,222,1.93e-141,445,99.10,1,0
GAIZ01017740.1,XP_021934936.1,93.333,450,28,2,934,2277,277,726,0.0,819,97.33,1,0
GAIZ01017740.1,XP_021934936.1,96.396,222,8,0,91,756,1,222,2.56e-139,439,97.75,1,0
GAIZ01017740.1,AIY24626.1,92.873,449,31,1,934,2277,275,723,0.0,816,97.55,1,0
GAIZ01017740.1,AIY24626.1,93.694,222,13,1,91,756,1,221,3.66e-133,423,97.30,1,0
GAIZ01017740.1,XP_014479982.1,93.096,449,30,1,934,2277,277,725,0.0,816,97.33,1,0
GAIZ01017740.1,XP_014479982.1,90.090,222,22,0,91,756,1,222,1.97e-131,419,96.40,1,0
GAIZ01017740.1,XP_011154034.1,92.873,449,31,1,934,2277,275,723,0.0,813,97.10,1,0
GAIZ01017740.1,XP_011154034.1,90.090,222,22,0,91,756,1,222,1.25e-131,419,96.85,1,0
GAIZ01017740.1,XP_003704636.1,92.428,449,33,1,934,2277,274,722,0.0,811,96.66,1,0
GAIZ01017740.1,XP_003704636.1,87.838,222,27,0,91,756,1,222,4.25e-127,407,95.50,1,0
GAIZ01017740.1,AIM18803.1,91.314,449,38,1,934,2277,275,723,0.0,811,96.66,1,0
GAIZ01017740.1,AIM18803.1,93.243,222,13,1,91,756,1,220,5.13e-132,420,96.40,1,0
GAIZ01017740.1,XP_011635185.1,92.650,449,32,1,934,2277,274,722,0.0,809,96.44,1,0
GAIZ01017740.1,XP_011635185.1,90.541,222,21,0,91,756,1,222,1.51e-132,421,96.85,1,0
GAIZ01017740.1,AAS45246.2,93.987,449,26,1,934,2277,270,718,0.0,808,95.99,1,0
GAIZ01017740.1,AAS45246.2,92.593,216,16,0,109,756,1,216,4.03e-129,412,97.22,1,0
GAIZ01017740.1,XP_012539357.1,92.205,449,34,1,934,2277,275,723,0.0,806,96.66,1,0
GAIZ01017740.1,XP_012539357.1,90.991,222,20,0,91,756,1,222,1.05e-132,422,96.85,1,0
GAIZ01017740.1,XP_012059177.1,91.982,449,35,1,934,2277,276,724,0.0,806,96.66,1,0
GAIZ01017740.1,XP_012059177.1,90.991,222,20,0,91,756,1,222,8.83e-133,422,96.85,1,0
GAIZ01017740.1,XP_011060405.1,91.982,449,35,1,934,2277,276,724,0.0,806,96.66,1,0
GAIZ01017740.1,XP_011060405.1,90.991,222,20,0,91,756,1,222,8.83e-133,422,96.85,1,0
GAIZ01017740.1,KOX70250.1,92.205,449,34,1,934,2277,258,706,0.0,806,96.44,1,0
GAIZ01017740.1,KOX70250.1,82.432,222,19,1,91,756,1,202,5.75e-112,367,87.84,1,0
GAIZ01017740.1,XP_011250812.1,92.428,449,33,1,934,2277,274,722,0.0,806,96.66,1,0
GAIZ01017740.1,XP_011250812.1,91.892,222,18,0,91,756,1,222,7.14e-134,425,97.30,1,0
GAIZ01017740.1,NP_001153536.1,92.205,449,34,1,934,2277,276,724,0.0,805,96.44,1,0
GAIZ01017740.1,NP_001153536.1,90.090,222,22,0,91,756,1,222,2.13e-131,419,96.40,1,0
GAIZ01017740.1,XP_006619000.1,92.205,449,34,1,934,2277,276,724,0.0,805,96.44,1,0
GAIZ01017740.1,XP_006619000.1,90.090,222,22,0,91,756,1,222,2.29e-131,418,96.40,1,0
GAIZ01017740.1,XP_011691196.1,91.759,449,36,1,934,2277,274,722,0.0,805,96.66,1,0
GAIZ01017740.1,XP_011691196.1,91.892,222,18,0,91,756,1,222,6.35e-134,425,97.30,1,0
GAIZ01017740.1,XP_003396897.1,92.205,449,34,1,934,2277,277,725,0.0,805,96.44,1,0
GAIZ01017740.1,XP_003396897.1,89.189,222,24,0,91,756,1,222,1.12e-129,414,95.95,1,0
GAIZ01017740.1,XP_020292898.1,92.205,449,34,1,934,2277,276,724,0.0,804,96.44,1,0
GAIZ01017740.1,XP_020292898.1,90.090,222,22,0,91,756,1,222,1.58e-131,419,96.85,1,0
GAIZ01017740.1,XP_018309769.1,91.759,449,36,1,934,2277,276,724,0.0,804,96.66,1,0
GAIZ01017740.1,XP_018309769.1,90.991,222,20,0,91,756,1,222,7.06e-133,422,96.85,1,0
GAIZ01017740.1,XP_018376570.1,91.537,449,37,1,934,2277,276,724,0.0,804,96.44,1,0
GAIZ01017740.1,XP_018376570.1,90.991,222,20,0,91,756,1,222,1.22e-132,422,96.85,1,0
GAIZ01017740.1,XP_018402144.1,91.759,449,36,1,934,2277,276,724,0.0,803,96.66,1,0
GAIZ01017740.1,XP_018402144.1,90.991,222,20,0,91,756,1,222,8.20e-133,422,96.85,1,0
GAIZ01017740.1,XP_012279332.1,92.205,449,34,1,934,2277,273,721,0.0,803,96.66,1,0
GAIZ01017740.1,XP_012279332.1,89.640,222,23,0,91,756,1,222,1.23e-130,416,95.95,1,0
GAIZ01017740.1,KYM96601.1,91.759,449,36,1,934,2277,276,724,0.0,803,96.66,1,0
GAIZ01017740.1,KYM96601.1,90.991,222,20,0,91,756,1,222,6.42e-132,422,96.85,1,0
GAIZ01017740.1,XP_011879750.1,91.314,449,38,1,934,2277,274,722,0.0,802,96.44,1,0
GAIZ01017740.1,XP_011879750.1,89.640,222,22,1,91,756,1,221,1.71e-129,414,96.40,1,0
GAIZ01017740.1,XP_014284945.1,91.314,449,38,1,934,2277,275,723,0.0,801,96.66,1,0
GAIZ01017740.1,XP_014284945.1,93.243,222,12,1,91,756,1,219,7.66e-134,425,96.85,1,0
GAIZ01017740.1,KMQ95531.1,91.759,449,36,1,934,2277,277,725,0.0,801,96.21,1,0
GAIZ01017740.1,KMQ95531.1,92.342,222,17,0,91,756,1,222,2.59e-134,426,97.30,1,0
GAIZ01017740.1,XP_011171324.1,91.537,449,37,1,934,2277,275,723,0.0,801,96.66,1,0
GAIZ01017740.1,XP_011171324.1,90.090,222,22,0,91,756,1,222,1.41e-131,419,96.85,1,0
GAIZ01017740.1,XP_003707899.1,91.741,448,36,1,934,2277,272,718,0.0,801,96.21,1,0
GAIZ01017740.1,XP_003707899.1,93.458,214,14,0,115,756,8,221,1.37e-128,411,97.20,1,0
GAIZ01017740.1,XP_012230927.1,91.091,449,39,1,934,2277,275,723,0.0,800,96.21,1,0
GAIZ01017740.1,XP_012230927.1,90.541,222,21,0,91,756,1,222,7.69e-132,419,96.85,1,0
GAIZ01017740.1,XP_015599947.1,90.423,449,42,1,934,2277,274,722,0.0,799,95.99,1,0
GAIZ01017740.1,XP_015599947.1,89.686,223,22,1,91,756,1,223,7.60e-128,409,95.52,1,0
GAIZ01017740.1,XP_012270106.1,89.955,448,45,0,934,2277,271,718,0.0,799,96.21,1,0
GAIZ01017740.1,XP_012270106.1,91.441,222,18,1,91,756,1,221,2.33e-130,416,95.95,1,0
GAIZ01017740.1,XP_018352250.1,91.111,450,38,2,934,2277,276,725,0.0,798,96.44,1,0
GAIZ01017740.1,XP_018352250.1,90.991,222,20,0,91,756,1,222,8.61e-133,422,96.85,1,0
GAIZ01017740.1,XP_012218219.1,91.314,449,38,1,934,2277,275,723,0.0,798,96.21,1,0
GAIZ01017740.1,XP_012218219.1,90.090,222,22,0,91,756,1,222,2.76e-131,418,96.85,1,0
GAIZ01017740.1,AFN08644.1,92.873,449,31,1,934,2277,276,724,0.0,796,95.32,1,0
GAIZ01017740.1,AFN08644.1,92.793,222,16,0,91,756,1,222,2.34e-134,426,97.75,1,0
GAIZ01017740.1,XP_015434525.1,90.423,449,42,1,934,2277,274,722,0.0,796,96.44,1,0
GAIZ01017740.1,XP_015434525.1,88.739,222,25,0,91,756,1,222,3.95e-130,415,95.95,1,0
GAIZ01017740.1,XP_015434526.1,90.423,449,42,1,934,2277,268,716,0.0,796,96.44,1,0
GAIZ01017740.1,XP_015434526.1,89.352,216,23,0,109,756,1,216,2.76e-126,405,96.30,1,0
GAIZ01017740.1,XP_011345590.1,90.869,449,40,1,934,2277,274,722,0.0,796,95.77,1,0
GAIZ01017740.1,XP_011345590.1,90.090,222,22,0,91,756,1,222,7.36e-131,417,96.40,1,0
GAIZ01017740.1,XP_015603162.1,90.869,449,40,1,934,2277,272,720,0.0,795,95.77,1,0
GAIZ01017740.1,XP_015603162.1,93.243,222,14,1,91,756,1,221,6.24e-133,422,96.40,1,0
GAIZ01017740.1,XP_008551765.1,90.402,448,43,0,934,2277,276,723,0.0,795,96.21,1,0
GAIZ01017740.1,XP_008551765.1,89.640,222,22,1,91,756,1,221,4.90e-128,410,96.40,1,0
GAIZ01017740.1,XP_014239772.1,91.537,449,35,2,934,2277,276,722,0.0,793,95.77,1,0
GAIZ01017740.1,XP_014239772.1,92.793,222,13,1,91,756,1,219,9.61e-134,424,97.30,1,0
GAIZ01017740.1,XP_003492149.1,90.402,448,42,1,934,2277,271,717,0.0,792,95.54,1,0
GAIZ01017740.1,XP_003492149.1,91.549,213,18,0,118,756,9,221,2.39e-126,405,97.18,1,0
GAIZ01017740.1,NP_001036876.1,90.179,448,44,0,934,2277,269,716,0.0,792,95.54,1,0
GAIZ01017740.1,NP_001036876.1,90.090,222,21,1,91,756,1,221,1.48e-128,411,95.50,1,0
GAIZ01017740.1,ABV55506.1,89.955,448,45,0,934,2277,276,723,0.0,791,96.21,1,0
GAIZ01017740.1,ABV55506.1,89.189,222,23,1,91,756,1,221,2.39e-126,405,95.50,1,0
GAIZ01017740.1,XP_014283543.1,92.428,449,33,1,934,2277,272,720,0.0,790,96.88,1,0
GAIZ01017740.1,XP_014283543.1,93.694,222,11,1,91,756,1,219,3.16e-133,423,96.40,1,0
GAIZ01017740.1,XP_014598354.1,90.423,449,42,1,934,2277,271,719,0.0,790,95.77,1,0
GAIZ01017740.1,XP_014598354.1,86.937,222,28,1,91,756,1,221,6.62e-123,396,94.14,1,0
GAIZ01017740.1,BAE44307.1,89.732,448,46,0,934,2277,270,717,0.0,790,95.31,1,0
GAIZ01017740.1,BAE44307.1,89.189,222,23,1,91,756,1,221,1.72e-127,408,95.95,1,0
GAIZ01017740.1,AHB63833.1,90.667,450,40,2,934,2277,280,729,0.0,790,95.78,1,0
GAIZ01017740.1,AHB63833.1,93.694,222,13,1,91,756,1,221,8.19e-135,427,97.30,1,0
GAIZ01017740.1,AFX84559.1,90.869,449,40,1,934,2277,274,722,0.0,788,95.32,1,0
GAIZ01017740.1,AFX84559.1,93.243,222,13,1,91,756,1,220,1.41e-132,421,96.40,1,0
GAIZ01017740.1,ABA54273.2,89.732,448,46,0,934,2277,270,717,0.0,788,95.54,1,0
GAIZ01017740.1,ABA54273.2,89.686,223,20,2,91,756,1,221,1.67e-127,408,95.07,1,0
GAIZ01017740.1,APX61060.1,89.509,448,47,0,934,2277,270,717,0.0,788,95.54,1,0
GAIZ01017740.1,APX61060.1,87.838,222,27,0,91,756,1,222,2.13e-126,405,94.14,1,0
GAIZ01017740.1,XP_015184783.1,90.200,449,43,1,934,2277,271,719,0.0,788,95.77,1,0
GAIZ01017740.1,XP_015184783.1,87.838,222,26,1,91,756,1,221,3.03e-124,400,94.59,1,0
GAIZ01017740.1,XP_003393129.2,90.402,448,41,2,934,2277,273,718,0.0,788,95.76,1,0
GAIZ01017740.1,XP_003393129.2,92.019,213,17,0,118,756,10,222,3.42e-126,405,96.71,1,0
GAIZ01017740.1,AIZ00846.1,89.732,448,46,0,934,2277,270,717,0.0,788,95.54,1,0
GAIZ01017740.1,AIZ00846.1,89.686,223,20,2,91,756,1,221,1.76e-127,408,95.07,1,0
GAIZ01017740.1,XP_022834656.1,89.509,448,47,0,934,2277,270,717,0.0,788,95.54,1,0
GAIZ01017740.1,XP_022834656.1,90.583,223,18,2,91,756,1,221,1.54e-128,411,95.07,1,0
GAIZ01017740.1,AAG44630.1,89.509,448,47,0,934,2277,270,717,0.0,788,95.54,1,0
GAIZ01017740.1,AAG44630.1,90.135,223,19,2,91,756,1,221,5.24e-127,407,94.62,1,0
GAIZ01017740.1,OWR51029.1,89.732,448,46,0,934,2277,271,718,0.0,787,95.76,1,0
GAIZ01017740.1,OWR51029.1,88.288,222,25,1,91,756,1,221,9.48e-126,404,94.59,1,0
GAIZ01017740.1,ACL77779.1,89.509,448,47,0,934,2277,270,717,0.0,787,95.54,1,0
GAIZ01017740.1,ACL77779.1,90.135,223,19,2,91,756,1,221,2.60e-127,407,94.62,1,0
GAIZ01017740.1,ADM26737.1,89.509,448,47,0,934,2277,269,716,0.0,787,95.54,1,0
GAIZ01017740.1,ADM26737.1,90.991,222,18,1,91,756,1,220,1.53e-129,413,95.50,1,0
GAIZ01017740.1,PCG80940.1,89.509,448,47,0,934,2277,270,717,0.0,787,95.54,1,0
GAIZ01017740.1,PCG80940.1,90.135,223,19,2,91,756,1,221,9.79e-128,409,94.62,1,0
GAIZ01017740.1,XP_021196806.1,89.509,448,47,0,934,2277,270,717,0.0,787,95.54,1,0
GAIZ01017740.1,XP_021196806.1,90.135,223,19,2,91,756,1,221,1.01e-127,409,94.62,1,0
GAIZ01017740.1,XP_003694932.1,89.062,448,48,1,934,2277,271,717,0.0,787,95.09,1,0
GAIZ01017740.1,XP_003694932.1,88.288,222,25,1,91,756,1,221,8.65e-125,401,95.05,1,0
GAIZ01017740.1,ADM66139.1,89.509,448,47,0,934,2277,270,717,0.0,787,95.54,1,0
GAIZ01017740.1,ADM66139.1,90.135,223,19,2,91,756,1,221,8.26e-128,409,94.62,1,0
GAIZ01017740.1,ACQ78181.1,89.509,448,47,0,934,2277,270,717,0.0,787,95.54,1,0
GAIZ01017740.1,ACQ78181.1,90.135,223,19,2,91,756,1,221,2.71e-127,407,94.62,1,0
GAIZ01017740.1,AGM20719.1,90.646,449,41,1,934,2277,274,722,0.0,786,95.32,1,0
GAIZ01017740.1,AGM20719.1,91.892,222,16,1,91,756,1,220,1.83e-122,395,96.40,1,0
GAIZ01017740.1,XP_006616995.1,89.062,448,48,1,934,2277,271,717,0.0,786,95.54,1,0
GAIZ01017740.1,XP_006616995.1,91.549,213,18,0,118,756,9,221,4.03e-125,402,96.71,1,0
GAIZ01017740.1,BAF03554.1,89.509,448,47,0,934,2277,270,717,0.0,786,95.31,1,0
GAIZ01017740.1,BAF03554.1,90.135,223,19,2,91,756,1,221,1.28e-127,408,95.07,1,0
GAIZ01017740.1,AJZ68818.1,89.509,448,47,0,934,2277,274,721,0.0,786,95.76,1,0
GAIZ01017740.1,AJZ68818.1,90.541,222,20,1,91,756,1,221,8.11e-129,412,96.40,1,0
GAIZ01017740.1,XP_013196563.1,89.062,448,49,0,934,2277,269,716,0.0,786,95.54,1,0
GAIZ01017740.1,XP_013196563.1,89.189,222,23,1,91,756,1,221,1.54e-127,408,95.95,1,0
GAIZ01017740.1,ADD21559.1,89.286,448,48,0,934,2277,270,717,0.0,786,95.54,1,0
GAIZ01017740.1,ADD21559.1,89.238,223,21,2,91,756,1,221,6.77e-126,404,94.17,1,0
GAIZ01017740.1,ADM26740.1,89.509,448,47,0,934,2277,270,717,0.0,785,95.31,1,0
GAIZ01017740.1,ADM26740.1,89.686,223,20,2,91,756,1,221,1.60e-127,408,95.07,1,0
GAIZ01017740.1,ACV32639.1,89.062,448,49,0,934,2277,270,717,0.0,785,95.31,1,0
GAIZ01017740.1,ACV32639.1,90.135,223,19,2,91,756,1,221,1.03e-127,409,94.62,1,0
GAIZ01017740.1,ABM89112.1,88.839,448,50,0,934,2277,268,715,0.0,785,95.54,1,0
GAIZ01017740.1,ABM89112.1,87.387,222,27,1,91,756,1,221,4.71e-126,404,95.50,1,0
GAIZ01017740.1,OXU17946.1,91.741,448,37,0,934,2277,274,721,0.0,785,96.43,1,0
GAIZ01017740.1,OXU17946.1,90.991,222,20,0,91,756,1,222,1.19e-132,422,97.30,1,0
GAIZ01017740.1,XP_015509139.1,91.091,449,39,1,934,2277,275,723,0.0,785,97.10,1,0
GAIZ01017740.1,XP_015509139.1,91.892,222,18,0,91,756,1,222,2.11e-131,419,96.40,1,0
GAIZ01017740.1,XP_014211298.1,90.022,451,42,2,934,2277,277,727,0.0,785,94.90,1,0
GAIZ01017740.1,XP_014211298.1,89.640,222,23,0,91,756,1,222,7.67e-129,412,95.50,1,0
GAIZ01017740.1,XP_012250991.1,88.393,448,52,0,934,2277,273,720,0.0,785,95.76,1,0
GAIZ01017740.1,XP_012250991.1,91.441,222,17,1,91,756,1,220,8.07e-131,417,95.95,1,0
GAIZ01017740.1,XP_011557927.1,88.839,448,50,0,934,2277,270,717,0.0,785,95.54,1,0
GAIZ01017740.1,XP_011557927.1,90.541,222,20,1,91,756,1,221,1.09e-128,411,95.95,1,0
GAIZ01017740.1,ADM26743.1,89.286,448,48,0,934,2277,270,717,0.0,785,95.54,1,0
GAIZ01017740.1,ADM26743.1,90.135,223,19,2,91,756,1,221,9.49e-128,409,94.62,1,0
GAIZ01017740.1,ABN09628.1,88.616,448,51,0,934,2277,268,715,0.0,785,95.54,1,0
GAIZ01017740.1,ABN09628.1,87.387,222,27,1,91,756,1,221,6.01e-126,404,95.50,1,0
GAIZ01017740.1,XP_016845773.1,91.518,448,38,0,934,2277,274,721,0.0,785,96.43,1,0
GAIZ01017740.1,XP_016845773.1,90.991,222,20,0,91,756,1,222,1.22e-132,422,97.30,1,0
GAIZ01017740.1,AHE77376.1,90.402,448,43,0,934,2277,270,717,0.0,785,94.42,1,0
GAIZ01017740.1,AHE77376.1,90.090,222,18,1,91,756,1,218,2.20e-129,413,95.95,1,0
GAIZ01017740.1,ADD91573.1,89.062,448,49,0,934,2277,270,717,0.0,784,95.31,1,0
GAIZ01017740.1,ADD91573.1,87.838,222,27,0,91,756,1,222,2.32e-126,405,94.14,1,0
GAIZ01017740.1,XP_018325772.1,89.978,449,44,1,934,2277,272,720,0.0,783,94.65,1,0
GAIZ01017740.1,XP_018325772.1,91.441,222,14,1,91,756,1,217,2.56e-129,413,94.14,1,0
GAIZ01017740.1,AIU47031.1,88.470,451,49,1,934,2277,271,721,0.0,783,94.46,1,0
GAIZ01017740.1,AIU47031.1,88.479,217,25,0,100,750,3,219,1.08e-122,395,93.09,1,0
GAIZ01017740.1,BAE48742.1,88.616,448,51,0,934,2277,270,717,0.0,783,95.31,1,0
GAIZ01017740.1,BAE48742.1,90.090,222,21,1,91,756,1,221,2.42e-127,408,95.50,1,0
GAIZ01017740.1,ABP93404.1,88.616,448,51,0,934,2277,269,716,0.0,783,95.09,1,0
GAIZ01017740.1,ABP93404.1,89.189,222,23,1,91,756,1,221,2.64e-127,407,95.50,1,0
GAIZ01017740.1,XP_008470814.1,88.000,450,52,1,934,2277,274,723,0.0,783,94.67,1,0
GAIZ01017740.1,XP_008470814.1,89.041,219,22,2,91,744,1,218,1.34e-113,372,94.52,1,0
GAIZ01017740.1,AFV09397.1,88.170,448,53,0,934,2277,269,716,0.0,782,95.09,1,0
GAIZ01017740.1,AFV09397.1,89.640,222,21,1,91,756,1,220,5.73e-127,407,95.05,1,0
GAIZ01017740.1,PBC31037.1,88.393,448,51,1,934,2277,271,717,0.0,782,95.31,1,0
GAIZ01017740.1,PBC31037.1,88.288,222,25,1,91,756,1,221,1.08e-124,401,95.05,1,0
GAIZ01017740.1,XP_016904556.1,88.393,448,51,1,934,2277,271,717,0.0,782,95.31,1,0
GAIZ01017740.1,XP_016904556.1,90.610,213,20,0,118,756,9,221,4.29e-124,399,96.71,1,0
GAIZ01017740.1,XP_006571335.1,88.393,448,51,1,934,2277,272,718,0.0,782,95.31,1,0
GAIZ01017740.1,XP_006571335.1,90.610,213,20,0,118,756,9,221,5.87e-124,399,96.24,1,0
GAIZ01017740.1,AFC76152.1,87.723,448,55,0,934,2277,274,721,0.0,782,95.31,1,0
GAIZ01017740.1,AFC76152.1,89.189,222,23,1,91,756,1,221,5.56e-127,407,94.59,1,0
GAIZ01017740.1,ABN09626.1,88.616,448,51,0,934,2277,268,715,0.0,782,95.09,1,0
GAIZ01017740.1,ABN09626.1,86.937,222,28,1,91,756,1,221,1.09e-124,400,95.05,1,0
GAIZ01017740.1,AIA61349.1,89.357,451,43,2,934,2277,275,723,0.0,781,94.68,1,0
GAIZ01017740.1,AIA61349.1,90.991,222,16,1,91,756,1,218,7.60e-130,414,95.95,1,0
GAIZ01017740.1,XP_018325773.1,89.111,450,47,2,934,2277,269,718,0.0,781,95.11,1,0
GAIZ01017740.1,XP_018325773.1,93.056,216,15,0,109,756,1,216,5.20e-129,412,95.83,1,0




